{
  "optimal_times": [
    1.5311596011748052, 2.887412915456885, 2.0502695385117393,
    0.9725931507190944, 0.8929749208046397, 0.8816775677594162,
    3.5691967596395147, 0.7588152638193768, 3.820831362448019,
    0.9332467292330147
  ],
  "actual_times": [
    [
      1.5311596011748052, 1.5311596011748052, 3.8826916980367807,
      3.1487795199571953, 1.5311596011748052, 1.5311596011748052,
      1.5311596011748052, 1.5311596011748052, 1.5311596011748052,
      1.5311596011748052, 1.5311596011748052, 1.5311596011748052,
      1.5311596011748052, 1.5311596011748052, 1.5311596011748052,
      1.5311596011748052, 1.5311596011748052, 3.1487795199571953,
      1.5311596011748052, 1.5311596011748052, 1.5311596011748052,
      1.5311596011748052, 1.5311596011748052, 1.5311596011748052
    ],
    [
      2.887412915456885, 2.887412915456885, 2.887412915456885,
      2.887412915456885, 3.7492553367116987, 2.887412915456885,
      2.887412915456885, 2.887412915456885, 2.887412915456885,
      2.887412915456885, 2.887412915456885, 2.887412915456885,
      2.887412915456885, 3.7492553367116987, 2.887412915456885,
      2.887412915456885, 2.887412915456885, 2.887412915456885,
      2.887412915456885, 2.887412915456885, 2.887412915456885,
      2.887412915456885, 2.887412915456885, 2.887412915456885
    ],
    [
      2.0502695385117393, 2.0502695385117393, 3.0788968451746093,
      2.0502695385117393, 2.94931134600786, 2.0502695385117393,
      2.0502695385117393, 2.0502695385117393, 2.0502695385117393,
      3.8096415127461887, 2.0502695385117393, 2.0502695385117393,
      2.0502695385117393, 2.0502695385117393, 2.0502695385117393,
      2.0502695385117393, 2.0502695385117393, 2.94931134600786,
      2.0502695385117393, 2.0502695385117393, 2.0502695385117393,
      2.0502695385117393, 2.0502695385117393, 2.0502695385117393
    ],
    [
      1.6862285475279952, 0.9725931507190944, 0.9725931507190944,
      0.9725931507190944, 0.9725931507190944, 0.9725931507190944,
      0.9725931507190944, 0.9725931507190944, 0.9725931507190944,
      0.9725931507190944, 0.9725931507190944, 0.9725931507190944,
      1.6862285475279952, 0.9725931507190944, 0.9725931507190944,
      0.9725931507190944, 0.9725931507190944, 0.9725931507190944,
      0.9725931507190944, 0.9725931507190944, 0.9725931507190944,
      0.9725931507190944, 0.9725931507190944, 0.9725931507190944
    ],
    [
      3.201529816042615, 0.8929749208046397, 0.8929749208046397,
      0.8929749208046397, 0.8929749208046397, 3.201529816042615,
      0.8929749208046397, 0.8929749208046397, 0.8929749208046397,
      0.8929749208046397, 3.201529816042615, 0.8929749208046397,
      5.820501043684054, 0.8929749208046397, 0.8929749208046397,
      0.8929749208046397, 0.8929749208046397, 0.8929749208046397,
      0.8929749208046397, 0.8929749208046397, 0.8929749208046397,
      0.8929749208046397, 0.8929749208046397, 3.201529816042615
    ],
    [
      0.8816775677594162, 0.8816775677594162, 0.8816775677594162,
      2.609293855790576, 0.8816775677594162, 0.8816775677594162,
      0.8816775677594162, 0.8816775677594162, 0.8816775677594162,
      0.8816775677594162, 0.8816775677594162, 2.609293855790576,
      0.8816775677594162, 0.8816775677594162, 0.8816775677594162,
      0.8816775677594162, 0.8816775677594162, 3.2089666504730596,
      3.2089666504730596, 0.8816775677594162, 2.609293855790576,
      0.8816775677594162, 2.609293855790576, 0.8816775677594162
    ],
    [
      3.883894008151056, 3.5691967596395147, 3.5691967596395147,
      3.5691967596395147, 3.5691967596395147, 3.5691967596395147,
      3.5691967596395147, 3.5691967596395147, 3.5691967596395147,
      3.5691967596395147, 3.883894008151056, 3.883894008151056,
      4.403226503752828, 3.5691967596395147, 3.5691967596395147,
      3.5691967596395147, 3.5691967596395147, 3.5691967596395147,
      3.5691967596395147, 3.5691967596395147, 3.5691967596395147,
      3.5691967596395147, 3.5691967596395147, 3.5691967596395147
    ],
    [
      0.7588152638193768, 1.6288063132784634, 0.7588152638193768,
      0.7588152638193768, 0.7588152638193768, 0.7588152638193768,
      0.9581872665694884, 0.7588152638193768, 0.7588152638193768,
      0.7588152638193768, 0.7588152638193768, 0.9581872665694884,
      0.7588152638193768, 0.7588152638193768, 0.7588152638193768,
      0.7588152638193768, 0.7588152638193768, 0.7588152638193768,
      0.7588152638193768, 0.7588152638193768, 0.7588152638193768,
      0.7588152638193768, 0.7588152638193768, 0.7588152638193768
    ],
    [
      3.820831362448019, 3.820831362448019, 3.820831362448019,
      3.820831362448019, 4.949681260554136, 3.820831362448019,
      3.820831362448019, 3.820831362448019, 3.820831362448019,
      3.820831362448019, 3.820831362448019, 3.820831362448019,
      3.820831362448019, 4.949681260554136, 3.820831362448019,
      3.820831362448019, 3.820831362448019, 3.820831362448019,
      3.820831362448019, 3.820831362448019, 3.820831362448019,
      3.820831362448019, 3.820831362448019, 3.820831362448019
    ],
    [
      0.9332467292330147, 2.498667944680048, 0.9332467292330147,
      0.9332467292330147, 0.9332467292330147, 0.9332467292330147,
      0.9332467292330147, 0.9332467292330147, 0.9332467292330147,
      3.052607006769909, 0.9332467292330147, 0.9332467292330147,
      0.9332467292330147, 0.9332467292330147, 2.498667944680048,
      0.9332467292330147, 0.9332467292330147, 0.9332467292330147,
      0.9332467292330147, 0.9332467292330147, 0.9332467292330147,
      0.9332467292330147, 0.9332467292330147, 0.9332467292330147
    ]
  ]
}
